mean_mae,position_source_mae,rich_mae,rich_minus_position_mae,rich_minus_mean_mae
0.08164787975808283,0.06704180739965869,0.052895043750048075,-0.014146763649610615,-0.02875283600803475
0.06975431336385476,0.05415648497114029,0.04014686845871631,-0.01400961651242398,-0.029607444905138454
0.06829259986252605,0.051975689513657566,0.03783606581005772,-0.014139623703599849,-0.03045653405246833
0.08293377381160998,0.06826533299730383,0.05496618461099212,-0.013299148386311715,-0.027967589200617857
0.07408559938426147,0.05676026358815723,0.04367896528550722,-0.013081298302650007,-0.03040663409875425
0.08228951183494174,0.06739556936784961,0.05332929783391406,-0.014066271533935554,-0.028960214001027676
0.08382474822676088,0.0683282565310366,0.05410716876571106,-0.014221087765325532,-0.029717579461049817
0.06799197114515154,0.051642573702443295,0.035381043112789536,-0.01626153058965376,-0.032610928032362006
0.06782725965219343,0.05365257352424063,0.04016721644462575,-0.01348535707961488,-0.027660043207567674
0.06809688621843646,0.05330943545245996,0.03953604999240935,-0.013773385460050608,-0.028560836226027106
0.06745918768430341,0.0519101714337567,0.03885406495879993,-0.013056106474956773,-0.02860512272550348
0.07606422452480699,0.06108613753467897,0.044538861890393563,-0.01654727564428541,-0.031525362634413426
0.06732597469976792,0.04920266642380038,0.03491684819681497,-0.014285818226985415,-0.032409126502952953
0.07011331590808066,0.05405324872486237,0.038696161214391435,-0.015357087510470935,-0.03141715469368923
0.09305234629155322,0.07751630667090927,0.06439743193957125,-0.01311887473133802,-0.028654914351981975
0.07136283617417893,0.0574293462961487,0.04283824391707505,-0.014591102379073649,-0.02852459225710388
0.07445928922861196,0.060357793545288786,0.044919907386996326,-0.01543788615829246,-0.029539381841615635
0.07406563429624058,0.06067636611077196,0.04811391585813982,-0.01256245025263214,-0.025951718438100756
0.07526852224840298,0.05920181899840157,0.045056763170417444,-0.01414505582798413,-0.03021175907798554
0.06806829494412305,0.05136325064504008,0.03630604242854077,-0.015057208216499314,-0.031762252515582276
0.06880681736415444,0.0520378862763071,0.034711291038996915,-0.017326595237310186,-0.03409552632515752
0.06864120106891748,0.05317406752172868,0.03771878645628975,-0.015455281065438926,-0.03092241461262773
0.08379494482970758,0.06718635843600927,0.052482316099224206,-0.014704042336785066,-0.03131262873048337
0.07478457501691259,0.05982527160923173,0.04611690782547812,-0.013708363783753605,-0.028667667191434466
0.06760730658751213,0.0523191007396013,0.04048212582527193,-0.01183697491432937,-0.0271251807622402
0.07681363352220803,0.058639061552682996,0.043857497807916146,-0.01478156374476685,-0.03295613571429189
0.08593734686268951,0.0701158417665178,0.05378102397958845,-0.016334817786929356,-0.032156322883101066
0.08965098106772007,0.07484591472787692,0.06253112159612927,-0.012314793131747659,-0.027119859471590804
0.06908068459686903,0.05631979071188948,0.041918791665703,-0.014400999046186483,-0.027161892931166033
0.06732506092448996,0.051068419194384915,0.03701827112061949,-0.014050148073765423,-0.03030678980387047
0.0844110760733488,0.06740413091254474,0.05358084961788368,-0.01382328129466106,-0.03083022645546512
0.10028316466936316,0.08554522726596113,0.07198172715793001,-0.013563500108031118,-0.028301437511433145
0.08034405794407953,0.06477728076836378,0.05175635147317139,-0.013020929295192392,-0.028587706470908143
0.0859270318070927,0.07096635675153075,0.055984939306648274,-0.014981417444882475,-0.029942092500444425
0.0810258749223633,0.06772750871630721,0.05359027654782909,-0.014137232168478127,-0.027435598374534208
0.06950921396516896,0.05224775189406496,0.036798480044154064,-0.0154492718499109,-0.032710733921014895
0.07060020336897686,0.055642546751084675,0.041323798479248074,-0.014318748271836601,-0.02927640488972879
0.06834895406232087,0.05209253072076425,0.03727023989774907,-0.014822290823015179,-0.0310787141645718
0.0676948937065319,0.0507509992282203,0.03397308834924757,-0.016777910878972735,-0.03372180535728433
0.0709659338695422,0.056714421043054804,0.044650139946549476,-0.012064281096505328,-0.02631579392299272
0.08291069007513233,0.06571709947152363,0.05180299130162991,-0.013914108169893719,-0.031107698773502418
0.0823565545931734,0.06749003374669729,0.05462595578217706,-0.012864077964520229,-0.027730598810996335
0.08604656057701175,0.07190937809416527,0.05769747639255758,-0.014211901701607688,-0.02834908418445417
0.08394949529488473,0.06724137183372236,0.053678557838922246,-0.013562813994800117,-0.03027093745596248
0.0883269065651009,0.07303457529574255,0.05837674272278856,-0.014657832572953985,-0.029950163842312333
0.06832223458990855,0.052966061215742946,0.03763263200856956,-0.015333429207173385,-0.030689602581338987
0.0837857858185224,0.0684222314847835,0.054154689218545486,-0.014267542266238019,-0.029631096599976918
0.0869575334547276,0.07029829275387689,0.05707679128123566,-0.013221501472641228,-0.029880742173491945
0.0740022220511772,0.06012815177026869,0.04718206438899066,-0.012946087381278025,-0.026820157662186532
0.09020395437024002,0.07261511551303255,0.05857075598357782,-0.014044359529454736,-0.031633198386662204
0.08398137758369002,0.06878025879999063,0.05388980579137053,-0.014890453008620096,-0.030091571792319492
0.06788555524310366,0.05285863798762378,0.03695216585429718,-0.015906472133326605,-0.030933389388806486
0.06668636066143761,0.05177065829491484,0.03834733886307895,-0.01342331943183589,-0.028339021798358663
0.09599075150970364,0.07995254214167193,0.06772440870890414,-0.012228133432767782,-0.028266342800799496
0.07599293769895239,0.06020079052306236,0.0450968701647042,-0.015103920358358162,-0.030896067534248194
0.06800231661178029,0.05268602453239035,0.03717881629588341,-0.01550720823650694,-0.030823500315896875
0.0913877540453123,0.07628088217299266,0.062006833950605696,-0.01427404822238696,-0.0293809200947066
0.08418337409614274,0.06946584106094811,0.056133641057620164,-0.013332200003327944,-0.028049733038522574
0.06698684132714391,0.05055381788436331,0.0361425624011521,-0.014411255483211212,-0.030844278925991814
0.0740172293649083,0.060532673083915245,0.048055743148360336,-0.012476929935554909,-0.025961486216547966
0.08966697759912604,0.07491707182196913,0.061157941689258304,-0.01375913013271083,-0.028509035909867732
0.07459834974440858,0.05829997144663582,0.045973475968534835,-0.012326495478100982,-0.02862487377587375
0.06968125022945895,0.05140898460319518,0.036143425285012735,-0.015265559318182444,-0.033537824944446216
0.0862207548105785,0.06918835958550273,0.0554260594727443,-0.013762300112758433,-0.030794695337834202
0.0919701311643733,0.07784643424158631,0.06288537249763752,-0.01496106174394879,-0.02908475866673578
0.08326554105841384,0.07001982868997492,0.058030722063864885,-0.011989106626110031,-0.025234818994548956
0.0736417814524634,0.05967088413260953,0.04582878794779061,-0.013842096184818915,-0.02781299350467279
0.06981748462855415,0.05213499608066461,0.036775312168926995,-0.015359683911737615,-0.03304217245962716
0.08991514210518346,0.076711414126144,0.06318493888782638,-0.013526475238317626,-0.026730203217357085
0.07495457224153466,0.05921161678574761,0.044191968298376634,-0.015019648487370973,-0.03076260394315803
0.07628416914978291,0.06049676062069497,0.04586136994450563,-0.014635390676189339,-0.030422799205277275
0.06813423290775453,0.05099120106883256,0.03758521050072421,-0.013405990568108345,-0.030549022407030314
0.06973799501116547,0.05229374486995865,0.037143952951278134,-0.015149791918680516,-0.032594042059887335
0.08128852043955302,0.06462781748628267,0.05277040865168422,-0.011857408834598453,-0.028518111787868804
0.07599306309933151,0.060414985603396816,0.049065977144943526,-0.01134900845845329,-0.02692708595438799
0.09917611162263587,0.08833426549828069,0.07593359981914972,-0.012400665679130965,-0.023242511803486146
0.09906836981356275,0.08330453210940346,0.06831595146259516,-0.014988580646808303,-0.030752418350967592
0.06829532716208593,0.051541906570675804,0.035183339356931846,-0.016358567213743958,-0.033111987805154085
0.06905393137114968,0.053165518508484146,0.03640436778032164,-0.016761150728162505,-0.03264956359082804
0.07510131112615911,0.061541634316510614,0.04566121031409314,-0.015880424002417473,-0.029440100812065974
0.08415727312175343,0.07028768583016688,0.058986555134451696,-0.011301130695715186,-0.025170717987301736
0.0746514786199765,0.05902314544692517,0.04450076431710082,-0.014522381129824347,-0.03015071430287567
0.06740315460000953,0.05261952279985645,0.03806043229323679,-0.01455909050661966,-0.029342722306772748
0.06599264241724156,0.04937259433589401,0.035567388692250616,-0.013805205643643396,-0.03042525372499095
0.07357982698930912,0.06082556064773731,0.046677330463375064,-0.014148230184362245,-0.026902496525934058
0.09261414279913559,0.07962533752663446,0.06410205705779029,-0.015523280468844172,-0.028512085741345297
0.06739384701397282,0.05121473935038826,0.036296389884289654,-0.014918349466098609,-0.031097457129683162
0.07476715917085416,0.06140516296102953,0.048386575738114154,-0.013018587222915379,-0.02638058343274001
0.06852997429922054,0.052094005449509116,0.03879633933846906,-0.013297666111040059,-0.029733634960751487
0.06626651657298904,0.04979394479038246,0.035924891401053094,-0.013869053389329367,-0.03034162517193595
0.07234749706609793,0.0573056476763107,0.04213411000115618,-0.015171537675154521,-0.030213387064941748
0.08250064545823005,0.06639140377045043,0.05163304661137439,-0.014758357159076037,-0.030867598846855658
0.08559162220434545,0.06830866115521353,0.05352083280426871,-0.014787828350944818,-0.03207078940007674
0.09440736472730285,0.07855815298514375,0.06544069608903999,-0.01311745689610376,-0.02896666863826286
0.06767193427807142,0.050976765767273544,0.03483914264330398,-0.01613762312396956,-0.03283279163476743
0.06732236886137076,0.04857209906588935,0.035002044485698346,-0.013570054580191004,-0.032320324375672414
0.07450658365371367,0.05872326610864569,0.045588800932203265,-0.013134465176442428,-0.028917782721510403
0.07551110067192623,0.060922954185257415,0.04742970790732803,-0.013493246277929388,-0.028081392764598208
0.08321782613506318,0.06788538117247839,0.0546896635869622,-0.013195717585516187,-0.028528162548100977
0.0816386765091506,0.06530341008318326,0.051969683550111404,-0.013333726533071855,-0.0296689929590392
0.08997309615396974,0.07379689491472771,0.059319138379399255,-0.014477756535328457,-0.030653957774570487
0.06895127866208924,0.05244919198241126,0.03688973008558852,-0.015559461896822745,-0.03206154857650072
0.06753562364133689,0.05250812373778114,0.040140612093469835,-0.012367511644311303,-0.027395011547867054
0.07073846711459855,0.05589637616635283,0.040789980277305314,-0.015106395889047518,-0.029948486837293238
0.08493688933337804,0.06921243757303554,0.05410637629657633,-0.015106061276459207,-0.030830513036801704
0.07657385032736148,0.06100658208840931,0.047678719897459865,-0.013327862190949447,-0.02889513042990162
0.06747887708917541,0.052187821029962694,0.03878881304864982,-0.013399007981312876,-0.02869006404052559
0.08343199231388246,0.06939122103292814,0.055008774654939405,-0.01438244637798873,-0.028423217658943054
0.07593261597006881,0.06054179045948085,0.046228572099240486,-0.014313218360240361,-0.029704043870828326
0.06681339327796665,0.04996238876131084,0.03712972041755607,-0.012832668343754766,-0.029683672860410577
0.07938288757621849,0.06429508450438012,0.04931909664293912,-0.014975987861441005,-0.03006379093327937
0.06552342945495246,0.04944979247473713,0.03543145870855249,-0.014018333766184637,-0.030091970746399965
0.08409159869735373,0.06832262103491911,0.05464844643709143,-0.01367417459782768,-0.029443152260262305
0.07766341046701031,0.061514213359977025,0.04550571512518482,-0.016008498234792203,-0.032157695341825485
0.06701297432564891,0.04958418536925954,0.036352470798714905,-0.013231714570544638,-0.03066050352693401
0.07381503381700609,0.05796139424591049,0.044086548269114824,-0.013874845976795669,-0.029728485547891266
0.0746993059223706,0.059834763836238876,0.047012524884612626,-0.01282223895162625,-0.027686781037757978
0.08073249121313279,0.06433846952401089,0.051148520874121334,-0.013189948649889552,-0.02958397033901146
0.0703473403061688,0.05270003980439314,0.037359802533331966,-0.015340237271061173,-0.03298753777283684
0.06604508445113175,0.04960616070471847,0.03668679275954754,-0.012919367945170929,-0.029358291691584208
0.08408339781963706,0.07195611133729489,0.05877690999374545,-0.01317920134354944,-0.025306487825891608
0.07783262179770727,0.06392632290735306,0.04798733233217138,-0.01593899057518168,-0.029845289465535885
0.0663254481627068,0.05249636416913667,0.03823279248686392,-0.014263571682272748,-0.028092655675842883
0.08609955350812931,0.07091879636286605,0.057527727644809366,-0.013391068718056683,-0.028571825863319945
0.06910933885261843,0.051364601278823474,0.03789613251965312,-0.013468468759170356,-0.03121320633296531
0.07302672035292995,0.055072318697293794,0.04073989379843777,-0.014332424898856028,-0.032286826554492186
0.07744481334994904,0.06378926353863344,0.0483611225206783,-0.015428141017955144,-0.029083690829270745
0.09938726780715648,0.08683686718873367,0.07320619277803206,-0.013630674410701607,-0.026181075029124423
0.06743099363206902,0.05061016106909199,0.036706433566500905,-0.013903727502591084,-0.03072456006556811
0.07798381089887253,0.06246634496921265,0.04798859181208409,-0.014477753157128556,-0.02999521908678844
0.06734086605655938,0.05073998914637818,0.037488834617461886,-0.013251154528916294,-0.029852031439097496
0.08290520683900537,0.06969506759020515,0.056126100645464645,-0.013568966944740503,-0.02677910619354073
0.0705179604424149,0.0547762264796756,0.03867691122925385,-0.01609931525042175,-0.03184104921316105
0.07608426663070389,0.06304714816935021,0.049705064565298676,-0.013342083604051536,-0.026379202065405213
0.07218264264626242,0.05327287000662773,0.03592741966677735,-0.017345450339850382,-0.03625522297948507
0.08493060083046228,0.0689222928310688,0.05410878353825995,-0.014813509292808842,-0.030821817292202326
0.0873212206663583,0.07275821919127708,0.057043606034337335,-0.01571461315693974,-0.03027761463202097
0.0650423605238159,0.05057818294965158,0.03788090253231607,-0.012697280417335512,-0.027161457991499834
0.08176431703298935,0.06751070097766161,0.0529871781320252,-0.014523522845636412,-0.02877713890096415
0.0684403926711147,0.05227304394731633,0.03822440366537565,-0.01404864028194068,-0.030215989005739047
0.08403324574184347,0.06839975672679283,0.05438305861987422,-0.014016698106918607,-0.02965018712196925
0.07856808068780108,0.06353425348716438,0.05146639056851205,-0.012067862918652326,-0.027101690119289028
0.09728070352110815,0.08648393916913928,0.07383195332994867,-0.01265198583919061,-0.02344875019115948
0.06760282716077275,0.05180814559875224,0.03736370487015447,-0.014444440728597775,-0.03023912229061828
0.07362903032416813,0.058325634058730584,0.04225593794775782,-0.016069696110972767,-0.03137309237641032
0.08065627707361234,0.06553276609430436,0.05210104091458871,-0.01343172517971565,-0.028555236159023625
0.07462653160495113,0.058244672168015765,0.043696609627613146,-0.014548062540402619,-0.03092992197733798
0.07570677115342522,0.062175613145408794,0.04950911257348325,-0.012666500571925546,-0.026197658579941975
0.08079885436832049,0.06644660184629561,0.05181821953734716,-0.014628382308948452,-0.02898063483097333
0.07048195049394394,0.05597665509060626,0.04061483961852358,-0.01536181547208268,-0.029867110875420363
0.07822186328672853,0.06173348202699804,0.04652430940841609,-0.01520917261858195,-0.03169755387831244
0.09628792766713519,0.08223068831336262,0.06955871140517142,-0.012671976908191204,-0.02672921626196377
0.07871259702591349,0.062012879448848056,0.048451985304625696,-0.01356089414422236,-0.030260611721287793
0.10101524715140056,0.08541905633818236,0.07149743222085145,-0.013921624117330916,-0.029517814930549113
0.08238937852277994,0.06667453745619747,0.053580599840808533,-0.013093937615388941,-0.02880877868197141
0.06694885796007732,0.0489475409636607,0.03519375190347061,-0.013753789060190084,-0.03175510605660671
0.06794713204752452,0.05300677592108691,0.039382330671156866,-0.01362444524993004,-0.028564801376367653
0.08027429651091925,0.06363262983200672,0.04900370062200054,-0.014628929210006185,-0.03127059588891871
0.06706687576471596,0.0512416245988086,0.03632699996756908,-0.01491462463123952,-0.030739875797146876
0.07452539369329052,0.06008779724559644,0.046749225449657844,-0.013338571795938593,-0.027776168243632673
0.06835997080314654,0.052133791716697006,0.034804409575168484,-0.017329382141528522,-0.03355556122797806
0.07756024757945122,0.05945441294562797,0.04472993395428793,-0.014724478991340037,-0.03283031362516329
0.06719531190580888,0.052256892852140704,0.037912456307202996,-0.014344436544937708,-0.029282855598605884
0.07591133819193233,0.060975895401467986,0.048147373501628,-0.012828521899839983,-0.027763964690304323
0.06924663180042635,0.05391524782744789,0.038562952801769836,-0.015352295025678052,-0.030683678998656518
0.07842130197222835,0.061469202682888545,0.04601941061837355,-0.015449792064514994,-0.0324018913538548
0.06745964764236999,0.050452515887719596,0.03551849307544048,-0.014934022812279117,-0.03194115456692951
0.08015464280311206,0.06545846191417987,0.05225794182762624,-0.013200520086553626,-0.02789670097548582
0.07915109478968112,0.06047415652003044,0.046292526413676094,-0.01418163010635435,-0.03285856837600502
0.07027010833689265,0.051160999414199056,0.03745008091302007,-0.013710918501178983,-0.03282002742387258
0.10113609394832693,0.08468901399464761,0.06834973570107414,-0.01633927829357347,-0.03278635824725279
0.07708897689365113,0.061916461663409174,0.04750086517475985,-0.014415596488649325,-0.02958811171889128
0.08390604092719492,0.06933835191426148,0.053509215980429334,-0.015829135933832145,-0.030396824946765585
0.0817243949718358,0.06606012207808688,0.05329319190334658,-0.012766930174740301,-0.028431203068489216
0.06758219530812867,0.051704641726980846,0.036732641778926066,-0.01497199994805478,-0.030849553529202607
0.08931433026938575,0.07400450570423625,0.062482049620291684,-0.011522456083944567,-0.026832280649094063
0.06873826349945432,0.05369463635301663,0.038371194187207115,-0.015323442165809512,-0.030367069312247204
0.07585289289753974,0.06181126944299284,0.04878271469970594,-0.013028554743286902,-0.027070178197833805
0.06604676979314301,0.048158494723061177,0.03236249559640745,-0.015795999126653727,-0.033684274196735565
0.07859764676243862,0.06446243805808675,0.05280428408509486,-0.011658153972991893,-0.025793362677343758
0.06633865834336199,0.05206939590477297,0.03877760866804675,-0.013291787236726221,-0.02756104967531524
0.0777658919745409,0.06358301232735207,0.04984653341542937,-0.0137364789119227,-0.027919358559111526
0.07805685673249484,0.06206453023908624,0.048325183903685835,-0.013739346335400401,-0.029731672828809
0.07615876536475566,0.060013609435055605,0.04619399325664299,-0.013819616178412618,-0.029964772108112672
0.09198232166637665,0.07830332825721815,0.06434648875194793,-0.013956839505270227,-0.027635832914428726
0.06594281138015856,0.05194938564536496,0.03836330834663191,-0.013586077298733047,-0.027579503033526652
0.08185114795977466,0.06637143988693095,0.05120990034393915,-0.015161539542991799,-0.03064124761583551
0.07388942138843714,0.058154932681931656,0.042956378307177835,-0.015198554374753821,-0.030933043081259305
0.08623059301756067,0.06931062318635904,0.055617307704893065,-0.013693315481465976,-0.030613285312667604
0.06721203329892564,0.05243631245822919,0.03833547542789819,-0.014100837030331,-0.02887655787102745
0.07228357433887037,0.054773248913952854,0.03919125973074912,-0.015581989183203734,-0.033092314608121245
0.06774200192737767,0.053457725376206154,0.03801392429758136,-0.015443801078624794,-0.02972807762979631
0.0697754205819906,0.05498835534074303,0.03960733834027249,-0.015381017000470537,-0.03016808224171811
0.08217470172043412,0.06711203138446266,0.051718080673356585,-0.015393950711106073,-0.030456621047077533
0.08404439479306419,0.06962115806752027,0.054971208042555425,-0.014649950024964845,-0.029073186750508767
0.06707948181359294,0.05203126661484103,0.0370206592764185,-0.015010607338422535,-0.030058822537174443
0.07100454900696207,0.055028706081402125,0.03953261017282098,-0.015496095908581142,-0.03147193883414109
0.08106759390053526,0.06467384337545493,0.05183305196677147,-0.012840791408683452,-0.02923454193376379
0.07460058219643013,0.06026915642633213,0.04693398628359456,-0.013335170142737565,-0.027666595912835573
0.06735742197966038,0.05227497593506294,0.03842445197054098,-0.013850523964521959,-0.028932970009119402
0.07407131492517563,0.06196278895397202,0.049016946865346835,-0.012945842088625183,-0.025054368059828795
0.06396777821317184,0.04976172187879196,0.03627441620182034,-0.013487305676971616,-0.027693362011351502
0.06790236775130641,0.05249880057951972,0.03707416641646723,-0.015424634163052495,-0.030828201334839184
0.06882298059950102,0.05424347412379118,0.040630876268065004,-0.013612597855726175,-0.02819210433143602
0.07316239845109572,0.05626137909586687,0.04268115805014477,-0.013580221045722103,-0.030481240400950953
0.07875822208027788,0.0654645571193097,0.05177462028490445,-0.013689936834405246,-0.026983601795373437
0.07588190852531458,0.060248190845983166,0.04494778257101704,-0.015300408274966128,-0.030934125954297544
0.06841442096047748,0.05280530474230236,0.03845029935535269,-0.01435500538694967,-0.029964121605124787
0.0767557118614713,0.06113266257045625,0.046521100198528564,-0.014611562371927685,-0.030234611662942737
0.08639536810924664,0.07252474016033734,0.05923005028139999,-0.013294689878937352,-0.027165317827846647
0.06665100638106596,0.052194921851576606,0.037402289417683574,-0.014792632433893033,-0.029248716963382382
0.06710168219115858,0.05197993625369078,0.03650909954966409,-0.015470836704026693,-0.030592582641494497
0.0739474439187383,0.056680725992223645,0.042446325118760335,-0.01423440087346331,-0.03150111879997796
0.06797169295819269,0.052763531434100286,0.039377491560700875,-0.01338603987339941,-0.028594201397491817
0.07862936740264678,0.0627563301242161,0.04915560797920837,-0.013600722145007724,-0.02947375942343841
0.08292188305462371,0.06838008155044713,0.05347761142911555,-0.014902470121331578,-0.02944427162550816
0.07546771947046871,0.06151024992655579,0.04641983021764311,-0.015090419708912686,-0.0290478892528256
0.08794342780901128,0.07301441270765544,0.058808298561651685,-0.01420611414600375,-0.029135129247359594
0.08709329957795287,0.07155392586241263,0.05818630283399497,-0.01336762302841766,-0.028906996743957893
0.075563879676388,0.059626837539265114,0.04332074085866017,-0.016306096680604946,-0.032243138817727834
0.09986158442226502,0.08580770025412712,0.07233875381030073,-0.013468946443826388,-0.027522830611964283
0.07487279287453,0.058948594451601395,0.04581253996057771,-0.013136054491023688,-0.02906025291395229
0.07502638417079213,0.05939832588724739,0.04577308273948137,-0.013625243147766017,-0.02925330143131076
0.09114837286601886,0.07595966793566232,0.0617019649067557,-0.014257703028906617,-0.029446407959263156
0.06753567063410161,0.05267821978660557,0.03808252659707246,-0.014595693189533111,-0.02945314403702915
0.07690317194379973,0.061918779806805255,0.04683583559421817,-0.015082944212587088,-0.030067336349581558
0.06827643443064821,0.05068804048095877,0.03519131768087686,-0.015496722800081908,-0.03308511674977135
0.07602361948534922,0.06221158803305816,0.04712517763125151,-0.015086410401806652,-0.028898441854097713
0.07044124269557801,0.05402964301322676,0.03999961116204559,-0.014030031851181173,-0.030441631533532423
0.07424084071096931,0.06039173981993861,0.04769648689396374,-0.01269525292597487,-0.026544353817005574
0.06713406482594149,0.05111315862185374,0.0355548266100365,-0.015558332011817243,-0.03157923821590499
0.06528258813150536,0.051534407000038925,0.037230937664418304,-0.01430346933562062,-0.02805165046708706
0.09189322206346723,0.07908732253931629,0.06750253411701229,-0.011584788422303996,-0.024390687946454936
0.0763272111500453,0.06122089320011281,0.04594376852905901,-0.015277124671053799,-0.030383442620986294
0.06935722363208933,0.05127541655036238,0.035430154863853286,-0.015845261686509092,-0.03392706876823605
0.08326891646631593,0.06699448567130156,0.054129208048371937,-0.012865277622929626,-0.029139708417943992
0.06800935788803793,0.04937088884049307,0.03488616291760545,-0.014484725922887624,-0.03312319497043248
0.10502950717210055,0.08991634842195499,0.07810498031406153,-0.01181136810789346,-0.02692452685803902
0.07427924388323921,0.059103662433116835,0.0471578029532164,-0.011945859479900435,-0.027121440930022812
0.07552736048214394,0.0589516802518796,0.04398789466585432,-0.014963785586025277,-0.031539465816289615
0.06882737123599793,0.05192939987389457,0.03593542926210272,-0.01599397061179185,-0.03289194197389521
0.067873514865944,0.05509167764873508,0.0411136047636649,-0.013978072885070178,-0.026759910102279107
0.07697141839397263,0.06214847324463298,0.046880013775988605,-0.015268459468644378,-0.030091404617984027
0.07654070449566729,0.061672938728325716,0.0471725269364775,-0.014500411791848217,-0.029368177559189787
0.07746011862716437,0.06188591794651774,0.047480312864806695,-0.014405605081711043,-0.029979805762357675
0.07624702495905468,0.0613431573326645,0.047511040336756835,-0.013832116995907667,-0.028735984622297844
0.06667449978752245,0.05189309272759452,0.03773232904904054,-0.014160763678553984,-0.02894217073848191
0.07445617157460115,0.058627991426185334,0.04321178569838351,-0.015416205727801821,-0.031244385876217633
0.07881024866154554,0.06405709004645924,0.04876645864477395,-0.015290631401685288,-0.030043790016771592
0.06763321565937855,0.053377147629932876,0.03829349821438403,-0.01508364941554885,-0.02933971744499452
0.0822685735779806,0.06941422774967596,0.05524406055952898,-0.014170167190146972,-0.027024513018451622
0.07725732739325085,0.06223614353587422,0.049536195468675354,-0.012699948067198867,-0.027721131924575496
0.07983067440973113,0.06549905477383061,0.051446708280115536,-0.014052346493715076,-0.028383966129615593
0.06902441591277123,0.051557998427751224,0.03644511797489976,-0.015112880452851467,-0.03257929793787147
0.06721477460415744,0.05297221836044582,0.038548132841725855,-0.014424085518719966,-0.028666641762431583
0.0756233572590665,0.05944234323728212,0.045167132031429684,-0.014275211205852435,-0.030456225227636823
0.0913354863213418,0.07514080316668273,0.060504862395149746,-0.014635940771532983,-0.030830623926192048
0.07604655385967081,0.05997121452628947,0.045203203572292044,-0.014768010953997428,-0.030843350287378765
0.07661808074554999,0.060008319689533116,0.045666421597848235,-0.01434189809168488,-0.030951659147701753
0.06629064473950731,0.05223892306804598,0.03888632012509613,-0.013352602942949848,-0.027404324614411182
0.08289822268168781,0.06809941165955098,0.05397186224364065,-0.01412754941591033,-0.02892636043804716
0.06462402770112917,0.049767698012088725,0.03655557199420866,-0.013212126017880063,-0.028068455706920507
0.08711932172114327,0.06956199193526194,0.055472788086916136,-0.014089203848345805,-0.031646533634227134
0.08034256841846342,0.06667698769034082,0.05144337456408647,-0.015233613126254347,-0.028899193854376948
0.07252550556967623,0.056934706730057134,0.044219726780564086,-0.012714979949493048,-0.02830577878911214
0.07606350560468395,0.06283999919210899,0.04903708198821812,-0.013802917203890867,-0.027026423616465824
0.07512381217108051,0.06002458660326315,0.04495895781258056,-0.015065628790682593,-0.03016485435849995
0.07304996109233794,0.05739801962741401,0.044504740062799426,-0.012893279564614585,-0.028545221029538513
0.06736411122059965,0.05169217940721984,0.03674444717603689,-0.014947732231182946,-0.03061966404456276
0.07571878559267313,0.060838041451350994,0.046292698022040814,-0.01454534342931018,-0.029426087570632316
0.06714084138805838,0.05037822591497713,0.036687595262879756,-0.013690630652097371,-0.030453246125178628
0.06612002863305225,0.0485199907278836,0.03508394919428405,-0.01343604153359955,-0.031036079438768197
0.07493641974649227,0.06037732306542416,0.04635410658283591,-0.014023216482588252,-0.028582313163656364
0.06823110061753893,0.05219301017864395,0.037636753082492674,-0.014556257096151277,-0.03059434753504625
0.0806469857459219,0.06452674249280739,0.04790653318322848,-0.016620209309578908,-0.032740452562693416
0.07617928102047014,0.061992702048337414,0.0481371201611395,-0.013855581887197911,-0.028042160859330638
0.07590397465197966,0.060116427628916995,0.046185029630892944,-0.01393139799802405,-0.02971894502108672
0.08122695124941179,0.0669334173539665,0.05470610986431552,-0.012227307489650986,-0.02652084138509627
0.08224885764710892,0.06729591718571296,0.05185103887853,-0.015444878307182955,-0.030397818768578916
0.07430572846361282,0.059540652585832216,0.046376392689453094,-0.013164259896379121,-0.027929335774159722
0.0836388555259566,0.06781236599809858,0.05303899620259555,-0.014773369795503026,-0.030599859323361046
0.0688692099844816,0.05369182553756693,0.03889518238577753,-0.014796643151789399,-0.029974027598704066
0.06969941802820481,0.054046594430549155,0.0419514715755189,-0.012095122855030255,-0.027747946452685912
0.06905187012226059,0.05381879658635793,0.039873127722337726,-0.013945668864020204,-0.029178742399922866
0.09410025581413173,0.0791082094427437,0.06581130113825609,-0.013296908304487612,-0.02828895467587564
0.06671733505008158,0.05344583004843923,0.03987283468845015,-0.013572995359989085,-0.026844500361631433
0.067094708622168,0.05109783443632897,0.036609639655087685,-0.014488194781241283,-0.030485068967080316
0.06892938987958423,0.050490852340880146,0.0356261541562647,-0.014864698184615444,-0.03330323572331953
0.0680425538798313,0.05409101104936581,0.039867822561122736,-0.014223188488243076,-0.02817473131870856
0.06667982699700667,0.05063452187905337,0.03761695194677471,-0.013017569932278657,-0.02906287505023196
0.07433261149016154,0.059643299362248714,0.04664446763909231,-0.012998831723156405,-0.027688143851069234
0.06687721991847727,0.053559239118910994,0.03859723908732791,-0.014962000031583086,-0.02827998083114936
0.07627070903714177,0.05803328521472942,0.04390518100070155,-0.014128104214027867,-0.032365528036440216
0.07006323102264611,0.053369078582416817,0.03996366541721291,-0.013405413165203904,-0.0300995656054332
0.07116055720680337,0.05437014066477747,0.03944613068958562,-0.014924009975191846,-0.031714426517217745
0.08522568363578543,0.07026664122970569,0.056562766055571624,-0.013703875174134066,-0.02866291758021381
0.07544280618441668,0.059067385323967624,0.04399067354264977,-0.01507671178131785,-0.031452132641766904
0.07495797579061406,0.059193696628681576,0.04561189779447949,-0.013581798834202088,-0.02934607799613457
0.07406283200722158,0.05903366396041106,0.044377686779213166,-0.014655977181197898,-0.029685145228008414
0.08350244400418916,0.06758753895965047,0.053487333268440435,-0.014100205691210038,-0.030015110735748723
0.07687145095589983,0.06170779848834573,0.04751427708550858,-0.014193521402837153,-0.029357173870391245
0.07085256346228731,0.0546895478758971,0.03795701094978205,-0.016732536926115052,-0.03289555251250526
0.07002424513988417,0.0528207003432609,0.036525092876296725,-0.016295607466964172,-0.03349915226358745
0.068770248044996,0.05404740538510438,0.03848032365443172,-0.015567081730672658,-0.030289924390564278
0.07913828225425923,0.0636103817153073,0.048768057627512774,-0.014842324087794519,-0.030370224626746455
0.09972049171451003,0.08452035426042773,0.07097474677536222,-0.013545607485065503,-0.028745744939147805
0.07473317953279264,0.059285630444364856,0.0439002317079667,-0.01538539873639816,-0.030832947824825943
0.06950031181763894,0.0563712386316402,0.040913855185374784,-0.015457383446265419,-0.028586456632264154
0.07730869961304897,0.061181458380636974,0.046860427014648084,-0.01432103136598889,-0.030448272598400883
0.07406075850475942,0.05874861860955666,0.04649915032652284,-0.012249468283033818,-0.02756160817823658
0.07449300710786579,0.05972226247264827,0.047361714019908074,-0.012360548452740198,-0.02713129308795771
0.07572569228035035,0.05955349269526979,0.0472247428927268,-0.01232874980254299,-0.02850094938762355
0.07573368586566014,0.06066445786151387,0.046886004709349206,-0.013778453152164666,-0.02884768115631093
0.07974256334778221,0.06373535045822704,0.050850830565039515,-0.012884519893187521,-0.028891732782742693
0.06578726222456309,0.052173013688310295,0.037493967726804016,-0.014679045961506279,-0.028293294497759074
0.06498642774673365,0.050642335004854745,0.036622801448672325,-0.01401953355618242,-0.02836362629806132
0.08053036778877551,0.06508206160422253,0.05213120896062609,-0.012950852643596439,-0.028399158828149418
0.0742007503076355,0.059765792827487396,0.044405368496850894,-0.015360424330636502,-0.029795381810784602
0.10618698402104844,0.09028409387845882,0.07947011497351225,-0.010813978904946564,-0.026716869047536188
0.0737789602752655,0.05908765342345128,0.046114998577112126,-0.012972654846339152,-0.02766396169815337
0.08368472648243083,0.06834767853892197,0.05461763890466879,-0.013730039634253184,-0.029067087577762045
0.07862045137959844,0.06462951634701973,0.04907765573348365,-0.015551860613536084,-0.029542795646114797
0.06832965141962409,0.0519953363629081,0.03787819010095653,-0.014117146261951576,-0.030451461318667564
0.07396372048139054,0.05797747634589347,0.04413826375063567,-0.013839212595257798,-0.029825456730754867
0.06859808714562093,0.05321822182211522,0.037024144854141676,-0.016194076967973543,-0.03157394229147926
0.088052850651391,0.07184730734519482,0.05627070251844824,-0.015576604826746575,-0.03178214813294276
0.07122937722553566,0.05497525871877784,0.04103394674444682,-0.013941311974331023,-0.030195430481088838
0.06748255072856885,0.051550927300022066,0.03709455001305779,-0.014456377286964278,-0.03038800071551106
0.07592612334327374,0.059743219403416925,0.04588117772089303,-0.013862041682523897,-0.030044945622380713
0.07322069449493154,0.056323882955878216,0.04132130150097508,-0.015002581454903137,-0.031899392993956464
0.08210938512440391,0.06897017850187949,0.057607931985650604,-0.011362246516228885,-0.024501453138753307
0.06754880921732763,0.05145969382320138,0.03717960630990208,-0.014280087513299303,-0.03036920290742555
0.09104745174032022,0.07620093652697865,0.06467682153525194,-0.011524114991726717,-0.026370630205068288
0.07606269733818771,0.05893382573631413,0.04257064930146376,-0.01636317643485037,-0.033492048036723954
0.07564247433775702,0.06111214537481938,0.047934391394430585,-0.013177753980388791,-0.027708082943326433
0.09236374223489652,0.07628669687015073,0.06299218049770154,-0.013294516372449189,-0.029371561737194976
0.08848262257511182,0.07129936122989,0.05477078951946245,-0.01652857171042755,-0.033711833055649364
0.0681879073046297,0.05407054655642043,0.04084977938343101,-0.013220767172989416,-0.02733812792119869
0.07447809105245923,0.0606451322322392,0.045866198993892326,-0.014778933238346871,-0.0286118920585669
0.06850295341199976,0.052616524864987774,0.038163764238504046,-0.014452760626483728,-0.030339189173495713
0.06887178113105251,0.052211383836549136,0.03760831019013985,-0.014603073646409288,-0.03126347094091266
0.07478099170782525,0.06172664903983692,0.04684147457820835,-0.01488517446162857,-0.027939517129616898
0.07596531016393634,0.05843869963076761,0.04473922419284805,-0.013699475437919557,-0.031226085971088294
0.0675017215331499,0.05067623273611004,0.035475996080636965,-0.015200236655473078,-0.032025725452512935
0.06491458306809879,0.04798339878018351,0.03351804330561784,-0.01446535547456567,-0.03139653976248095
0.0766919361916518,0.060143126059040805,0.04615840555231116,-0.013984720506729643,-0.030533530639340632
0.09340882845125252,0.07637544612009788,0.062163496477769226,-0.01421194964232865,-0.031245331973483295
0.07958558153504419,0.06449361226216825,0.051641063727344685,-0.012852548534823566,-0.027944517807699507
0.07505216934423908,0.060516645146822416,0.0446235569367087,-0.015893088210113718,-0.030428612407530385
0.08159044343356538,0.06611790382225505,0.05255225586123918,-0.013565647961015864,-0.029038187572326193
0.07486928432681471,0.05952299635590899,0.04442210473463282,-0.015100891621276175,-0.03044717959218189
0.0815783667425448,0.06611829341770369,0.052777754834173615,-0.01334053858353007,-0.028800611908371188
0.0830684088049912,0.06878160676468234,0.05619843583204993,-0.012583170932632413,-0.026869972972941268
0.07350886281618266,0.0590072450513453,0.044935442020840606,-0.014071803030504697,-0.02857342079534205
0.07396807878636932,0.05758884850384073,0.04403325171415204,-0.013555596789688693,-0.029934827072217285
0.07858589113217458,0.06429253415517432,0.04877405971055766,-0.015518474444616653,-0.02981183142161692
0.06800725988258118,0.05186783244967774,0.03810443851317905,-0.01376339393649869,-0.029902821369402123
0.06836628814227863,0.05115503108697229,0.037057809460511466,-0.01409722162646082,-0.031308478681767164
0.06881442746869387,0.051673852771741566,0.037863268185176685,-0.01381058458656488,-0.030951159283517188
0.07567680849810883,0.05858351790776881,0.04285646929262735,-0.015727048615141466,-0.03282033920548148
0.0842839201973215,0.07047291713238461,0.055787911176799404,-0.01468500595558521,-0.0284960090205221
0.06838014612780709,0.05102400768973922,0.03531474187172363,-0.015709265818015593,-0.03306540425608346
0.06673778365135233,0.052993440604805424,0.038673708228891344,-0.01431973237591408,-0.028064075422460984
0.0842654954290881,0.06740930516797067,0.05150342238497583,-0.01590588278299484,-0.032762073044112265
0.06867147047672557,0.05283500937793918,0.03675721981530171,-0.016077789562637473,-0.031914250661423865
0.08731525274578728,0.07125050447406839,0.0558736207833709,-0.015376883690697486,-0.03144163196241637
0.0753318792349208,0.05890156457256603,0.04655484397665729,-0.012346720595908744,-0.028777035258263507
0.07832886144041053,0.06359723578362858,0.0495488233938927,-0.014048412389735879,-0.028780038046517825
0.07557828904325206,0.06264795657763905,0.048672185254393825,-0.013975771323245227,-0.026906103788858236
0.06828844727642788,0.049576099927604624,0.035969809280858724,-0.0136062906467459,-0.03231863799556916
0.08244893684443265,0.06451356846677984,0.05126418032178778,-0.01324938814499206,-0.031184756522644866
0.08326505393176084,0.06834690776750113,0.05576688270727398,-0.012580025060227151,-0.02749817122448686
0.08219869498971619,0.06386105018912323,0.047855171391639716,-0.016005878797483518,-0.03434352359807647
0.0678140819369756,0.052793932366451676,0.03836884025941241,-0.014425092107039267,-0.029445241677563197
0.08623300308809956,0.06988252618346152,0.05488620903178774,-0.014996317151673787,-0.03134679405631182
0.1041365216117401,0.09006355048009071,0.07781037170318107,-0.012253178776909637,-0.026326149908559027
0.06748089759675177,0.049276809566843126,0.03642551386200646,-0.012851295704836667,-0.031055383734745312
0.07654173935082767,0.06140746846661914,0.046774528748832145,-0.014632939717786994,-0.029767210601995525
0.08323592323726463,0.06233735395309503,0.04664579850835606,-0.01569155544473897,-0.03659012472890857
0.07521984692714345,0.06320376811585939,0.04972469610327291,-0.013479072012586475,-0.025495150823870542
0.0701864014938119,0.054979276083043684,0.03949224489553555,-0.015487031187508132,-0.030694156598276352
0.08168262934055241,0.06784633665072227,0.054847126035845586,-0.012999210614876688,-0.026835503304706826
0.07519005084330557,0.05837573796200638,0.04327756596538857,-0.01509817199661781,-0.031912484877917
0.07313835660812266,0.05926745024608138,0.0455709370000128,-0.013696513246068576,-0.027567419608109864
0.07268842967440739,0.0575916490115237,0.04355673846653707,-0.01403491054498663,-0.02913169120787032
0.07358391548041174,0.0608216065192806,0.046017500634883475,-0.014804105884397123,-0.027566414845528263
0.06771081736353135,0.054483968743541875,0.03993672094445896,-0.014547247799082917,-0.027774096419072393
0.06844586841384048,0.05219549648187834,0.036733036038162796,-0.01546246044371554,-0.03171283237567769
0.06889224869491907,0.0549409243057745,0.041322013886980015,-0.013618910418794483,-0.027570234807939055
0.08069241180219187,0.06808956896246461,0.050648047205330636,-0.017441521757133975,-0.030044364596861238
0.06580910745350778,0.05033235602165431,0.03755954101605513,-0.01277281500559918,-0.028249566437452647
0.06724746106543054,0.051440894530625,0.03715646620363558,-0.014284428326989423,-0.030090994861794965
0.07812470538722914,0.06272587843536978,0.05003262501481764,-0.012693253420552143,-0.028092080372411503
0.07439221985490235,0.059153716415991243,0.044974232040601934,-0.014179484375389309,-0.02941798781430042
0.0703061470556006,0.05574909206723261,0.04020547258135683,-0.015543619485875779,-0.030100674474243777
0.07638062358870461,0.05941331963033116,0.047755272783202025,-0.011658046847129136,-0.028625350805502582
0.07677734829624368,0.06201849190349619,0.04797931993642008,-0.01403917196707611,-0.028798028359823598
0.07234213796295981,0.05569100446746608,0.0427169706827763,-0.012974033784689781,-0.02962516728018351
0.09124451721381874,0.07587684238256133,0.06310285933465845,-0.012773983047902879,-0.028141657879160287
0.08303985502545232,0.06648869533151118,0.05039600058362785,-0.01609269474788333,-0.032643854441824466
0.07356144877888679,0.056476460469079615,0.04298307307520529,-0.013493387393874325,-0.0305783757036815
0.06954680210450699,0.053114905185694464,0.03788177208137727,-0.015233133104317197,-0.031665030023129724
0.06789399223075768,0.051591832853342484,0.037503360089294,-0.014088472764048482,-0.030390632141463675
0.07815616055758495,0.06370325865915655,0.049667117925244225,-0.014036140733912322,-0.028489042632340728
0.0664308753504269,0.05012181530625394,0.03501243119500407,-0.015109384111249867,-0.031418444155422824
0.08838915569878598,0.07454511739254037,0.06295931574755083,-0.01158580164498954,-0.025429839951235156
0.08201633784174449,0.06615171784506357,0.05347875873921997,-0.012672959105843602,-0.028537579102524517
0.07444014411194842,0.0565579750410284,0.0405116456838486,-0.016046329357179798,-0.03392849842809982
0.06920172894839374,0.054818190010349654,0.04075584519488468,-0.014062344815464978,-0.028445883753509066
0.06890434924543692,0.05382301913308078,0.03918368112685027,-0.014639338006230511,-0.029720668118586653
0.06664032066908493,0.052387475637224346,0.03926158484344347,-0.013125890793780876,-0.02737873582564146
0.0737884363361548,0.059747404151705374,0.045541030880990006,-0.014206373270715368,-0.02824740545516479
0.08294845984105269,0.06892934589897146,0.0568464200715045,-0.012082925827466957,-0.02610203976954819
0.07692112448876391,0.058129917056010005,0.04309775537751366,-0.015032161678496345,-0.03382336911125025
0.07890389288267972,0.06535128421068612,0.05376291552156743,-0.011588368689118687,-0.025140977361112295
0.07593922457862444,0.062419252952108095,0.04866834286619964,-0.013750910085908452,-0.027270881712424797
0.0932693770908828,0.07680293811769336,0.0627336561032729,-0.014069282014420453,-0.0305357209876099
0.0874588240132411,0.07155066299567953,0.05724845309855642,-0.014302209897123108,-0.030210370914684676
0.08951904402434782,0.07549098370661199,0.060787148388113485,-0.014703835318498504,-0.028731895636234336
0.08071185514501455,0.06604159583844618,0.0513297614986576,-0.01471183433978858,-0.029382093646356952
0.06717332353916167,0.05261580811512329,0.039245621581524386,-0.013370186533598907,-0.02792770195763728
0.06625162944440775,0.05118734994720129,0.03710725802681324,-0.014080091920388046,-0.02914437141759451
0.07447265398427773,0.05901392364805455,0.04545991003169048,-0.013554013616364068,-0.029012743952587246
0.06536312586658487,0.04966255662895176,0.03555410641402316,-0.014108450214928604,-0.02980901945256171
0.08413864998354893,0.06645218266665832,0.05230830734590474,-0.014143875320753584,-0.03183034263764419
0.07563247772048155,0.05991661543007616,0.04467306048524987,-0.015243554944826293,-0.030959417235231684
0.0879111016391666,0.07335682245695847,0.059851332612402566,-0.013505489844555907,-0.028059769026764034
0.07502794798018955,0.06043928842719154,0.04703904012761993,-0.013400248299571607,-0.02798890785256962
0.0731899283217424,0.05986563823332485,0.046752548519602644,-0.013113089713722208,-0.026437379802139754
0.06636659721025297,0.05136628699355418,0.036618843615929715,-0.014747443377624465,-0.029747753594323252
0.07362073180655844,0.05844628822727904,0.044801946758620634,-0.013644341468658408,-0.028818785047937806
0.07437832417146233,0.0582147881086551,0.0455785089836448,-0.012636279125010301,-0.028799815187817525
0.07775188971274942,0.06312942021245344,0.04814858484130411,-0.014980835371149324,-0.02960330487144531
0.08382029870600177,0.06885150022542738,0.05379889627407604,-0.015052603951351343,-0.030021402431925734
0.08628806446271653,0.07030982206118448,0.05600177365585194,-0.014308048405332542,-0.03028629080686459
0.0656773035575462,0.05142720843785595,0.038838516062379196,-0.012588692375476752,-0.026838787495167
0.0661883681158522,0.051940297167394026,0.03704866029551372,-0.014891636871880304,-0.02913970782033848
0.0755039917075539,0.060465863485816305,0.04576215511104534,-0.014703708374770967,-0.02974183659650856
0.07405949963902485,0.05721129042303895,0.044772002493448836,-0.012439287929590113,-0.029287497145576012
0.07716712944002707,0.06247765841137473,0.04991218178268891,-0.012565476628685825,-0.027254947657338165
0.06888206122737116,0.05341956911168792,0.03858273386714667,-0.014836835244541255,-0.03029932736022449
0.08264337379180968,0.06640523304529261,0.05120337555574219,-0.01520185748955042,-0.03143999823606749
0.0751096085693009,0.060018398127076676,0.04741903891870994,-0.012599359208366738,-0.027690569650590968
0.06725098667762008,0.053102565364518385,0.03778117931895058,-0.015321386045567806,-0.029469807358669504
0.06803754225277013,0.05330543084502012,0.03823180348543299,-0.01507362735958713,-0.029805738767337144
0.08115118051294874,0.06450392378881704,0.05019423950049634,-0.014309684288320704,-0.030956941012452402
0.07684185765105235,0.060462959124087334,0.048495359487117744,-0.01196759963696959,-0.028346498163934607
0.0735577416956332,0.05707324054500194,0.042198711495508835,-0.014874529049493102,-0.031359030200124365
0.07566115902341657,0.061266045356316266,0.04666062165544672,-0.01460542370086955,-0.02900053736796985
0.0737457771337069,0.06011946604781939,0.047238071914939395,-0.012881394132879996,-0.02650770521876751
0.07421362613922937,0.056940519381517174,0.043358785982702215,-0.013581733398814959,-0.030854840156527154
0.07505966408907616,0.05943852592770634,0.046461385194165955,-0.012977140733540386,-0.028598278894910206
0.08247252793047087,0.06635344843773358,0.05216542314721174,-0.014188025290521843,-0.030307104783259133
0.08150522297509676,0.06764673323370009,0.05398930778778827,-0.013657425445911815,-0.027515915187308483
0.08184954892270394,0.06787820876950962,0.05368046471101926,-0.014197744058490357,-0.028169084211684674
0.06883945429515873,0.05232860983462257,0.03808550341915416,-0.014243106415468408,-0.030753950876004563
0.0762659257742097,0.061600305122550734,0.04789569194127462,-0.013704613181276117,-0.028370233832935077
0.06713739541160631,0.050830587889132875,0.036787101452984146,-0.014043486436148729,-0.03035029395862216
0.07637888860797737,0.059508425510903996,0.043829028636306555,-0.01567939687459744,-0.032549859971670814
0.08465481873084879,0.0699335504266727,0.05710707064331824,-0.012826479783354452,-0.02754774808753055
0.06638309923976912,0.052066381330995434,0.039168784559817586,-0.012897596771177848,-0.027214314679951536
0.0674954226425647,0.052929329990942374,0.03754550822710192,-0.015383821763840455,-0.029949914415462776
0.06947364905697528,0.05238162160689786,0.036918563690623456,-0.015463057916274406,-0.03255508536635183
0.07468072514110011,0.05914418668138816,0.04383282602678472,-0.015311360654603444,-0.03084789911431539
0.07216629754040045,0.059477509637368677,0.04584717030198747,-0.013630339335381207,-0.02631912723841298
0.06954589962974587,0.055183688650106436,0.040421428571003,-0.014762260079103438,-0.029124471058742878
0.07568916839200217,0.061299488183428334,0.04586926546474268,-0.015430222718685653,-0.029819902927259487
0.0782607864164605,0.06329283291135791,0.049737026882359134,-0.01355580602899878,-0.02852375953410137
0.07440553777667708,0.06033668118150269,0.04696481069264339,-0.013371870488859301,-0.027440727084033688
0.0830536612667768,0.06736733884864454,0.05333442493531836,-0.01403291391332618,-0.029719236331458433
0.08147789829829556,0.06744443828113339,0.05392745239036232,-0.01351698589077107,-0.027550445907933242
0.06792045589556676,0.05257440289298367,0.0381429756409792,-0.01443142725200447,-0.02977748025458756
0.06681866783669721,0.05177331680220498,0.03721735512779721,-0.014555961674407772,-0.0296013127089
0.06886303587597076,0.05267291967057532,0.037064981523283774,-0.015607938147291549,-0.03179805435268698
0.06841981959913004,0.05225181699099591,0.03837503778422417,-0.013876779206771737,-0.03004478181490587
0.07825806406443032,0.05998324199227838,0.04372283558686643,-0.016260406405411945,-0.03453522847756389
0.07199412471533846,0.05716613336212656,0.04332794613808441,-0.013838187224042148,-0.02866617857725405
0.08159954807874156,0.06696734995276683,0.053510798382415674,-0.01345655157035116,-0.02808874969632589
0.09588591110850068,0.08044229732048842,0.06728653024063412,-0.013155767079854302,-0.028599380867866564
0.07511165590603558,0.06239987594821794,0.04743299751940014,-0.014966878428817804,-0.02767865838663544
0.06733533340875278,0.053520899285894326,0.04021996110165288,-0.013300938184241447,-0.0271153723070999
0.0645771544973873,0.049930229274433136,0.036169203601277476,-0.01376102567315566,-0.02840795089610982
0.08040554020120608,0.06312497100400823,0.050365153101956224,-0.012759817902052002,-0.030040387099249853
0.0767149031756397,0.06248140036564809,0.04889570629686281,-0.013585694068785278,-0.02781919687877689
0.08391273645156606,0.06850111823941064,0.05524652418117425,-0.013254594058236396,-0.028666212270391817
0.06735411067349,0.05104663572468128,0.03509971603735675,-0.015946919687324528,-0.03225439463613324
0.07375449066044144,0.06062259033192871,0.046682190186729776,-0.013940400145198935,-0.027072300473711668
0.06737877581498247,0.050311314560078056,0.03532636603130969,-0.014984948528768367,-0.03205240978367278
0.06592644339401689,0.0514957554330342,0.03808223677792433,-0.013413518655109875,-0.027844206616092562
0.06919641810891024,0.05479325059939291,0.040625783342660225,-0.014167467256732687,-0.028570634766250012
0.06604502527224874,0.052251943458083094,0.0383922383269019,-0.013859705131181198,-0.027652786945346848
0.067748187593593,0.05181315026787976,0.03700368124089837,-0.014809469026981395,-0.03074450635269463
0.09295582712937142,0.07786053712487151,0.06428330402627605,-0.01357723309859546,-0.02867252310309537
0.09085818152040552,0.0761466491510131,0.06235115118284906,-0.013795497968164039,-0.028507030337556458
0.0852973643501571,0.07136546743616613,0.05592843834211236,-0.01543702909405377,-0.029368926008044735
0.06855660629851805,0.04878126989034242,0.0335364263746571,-0.015244843515685322,-0.03502017992386095
0.0686629989684713,0.05245742605185089,0.036931760607036804,-0.01552566544481409,-0.0317312383614345
0.08385230670201678,0.07031763616739142,0.05744252009819499,-0.012875116069196432,-0.02640978660382179
0.0718887598453999,0.058097578072534344,0.045470848145361904,-0.01262672992717244,-0.026417911700037995
0.07489015192397515,0.05729381985128283,0.04192789630121112,-0.015365923550071714,-0.03296225562276403
